Income/Region/Gender,Life expctancy
Global,72.13351449275362
Male,69.70778985507246
Female,74.62463768115941
Africa,64.1727366255144
Asia,73.9719638242894
North America,75.04292929292929
South America,75.18101851851851
Oceania,70.17166666666667
Europe,78.50284237726098
lower_income,62.35363247863248
lower_middle,68.40164609053498
upper_middle,73.3829931972789
high_income,79.38050505050505
